id;name;address;contact_no;email
1;Savings Account;multi-byte Advanced;HTTP synthesize Cayman Islands Dollar;Ora1@hotmail.com
2;Belize Dollar input seize;Gabon withdrawal;feed plum;Dewitt.Lindgren43@yahoo.com
3;Incredible New York Future;CSS Rubber;SMTP Divide;Samantha73@yahoo.com
4;Chicken;solutions Cambridgeshire;hierarchy;Emery.Cummings6@gmail.com
5;Illinois Checking Account;Agent online;reboot;Savanna62@yahoo.com
6;Trinidad and Tobago digital Incredible Fresh Keyboard;Mandatory Direct Cedi;Expanded scalable;Elinor_Balistreri@gmail.com
7;Alley;Shoes;Cambridgeshire input;Sim.Labadie@yahoo.com
8;Salad copy South Carolina;real-time Plastic;payment multi-byte;Ellen78@hotmail.com
9;flexibility Tuna;Sleek Concrete Hat Chips;Manager JBOD next-generation;Christopher.Morar89@gmail.com
10;Pizza;Licensed Multi-layered;Sharable fresh-thinking South Georgia and the South Sandwich Islands;Eleanora24@yahoo.com
